Model,Accuracy,F1-Score,ROC-AUC
Logistic Regression (Baseline),0.8040314421355748,0.7981724911830715,0.8781402639944177
Random Forest,0.8981243676550704,0.8907436774893581,0.9587526166847573
XGBoost,0.8963343450852206,0.8907121759107318,0.9612146989843386
Neural Network (MLP),0.8796793524787921,0.8727990784926773,0.9481789812374012
